{"cameraMode":{"drawMode":0,"name":"Shaded","section":"Shading Mode"},"sceneLighting":true,"audioPlay":false,"sceneViewState":{"showFog":true,"showMaterialUpdate":true,"showSkybox":true,"showFlares":true,"showImageEffects":true,"showParticleSystems":true},"in2DMode":false,"pivot":{"x":-0.9833944439888,"y":-2.8330605030059816,"z":28.856597900390626},"rotation":{"x":0.09621166437864304,"y":-0.0181099995970726,"z":0.0017498517408967019,"w":0.995194673538208},"size":27.62932014465332,"orthographic":false}